Local Authority Code,Region,Second Tier Authority,Local Authority,Calendar Year,Greenhouse gas,CO2_Agriculture,CO2_Commercial,CO2_Domestic,CO2_Industry,CO2_Public Sector,CO2_Transport,CO2_Grand Total
E06000001,North East,Hartlepool,Hartlepool,2020,CO2,2.251930337,24.762401003,129.593025359,296.39731298000004,12.78147151,123.18347638099999,588.96961757
E06000002,North East,Middlesbrough,Middlesbrough,2020,CO2,1.128087568,25.002619277999997,186.44963714000002,57.03780565700001,40.30538534,249.982779706,559.906314689
E06000003,North East,Redcar and Cleveland,Redcar and Cleveland,2020,CO2,5.289547332,50.688876172,201.82260629,1219.02200045,12.17302028,181.970445997,1670.966496521
E06000004,North East,Stockton-on-Tees,Stockton-on-Tees,2020,CO2,11.470849896999999,80.351947747,269.95342881,1734.80855445,40.626593495,294.939858604,2458.4358321629998
E06000005,North East,Darlington,Darlington,2020,CO2,6.885545489,22.465809607,161.74198648,114.399399226,18.202868716,166.10617289399997,489.80178241199997
E06000006,North West,Halton,Halton,2020,CO2,1.214655686,75.91974830299999,158.257791731,166.50928428999998,11.858476021,222.334061642,636.0940176729999
E06000007,North West,Warrington,Warrington,2020,CO2,3.836596267,79.460258928,282.64690686,230.27255603100002,20.454624592,544.621257711,1161.292200389
E06000008,North West,Blackburn with Darwen,Blackburn with Darwen,2020,CO2,2.409238809,38.618090637,199.666814001,203.63913439,28.563235246000005,142.02172768300002,614.918240766
E06000009,North West,Blackpool,Blackpool,2020,CO2,0.331163721,42.926395928,206.35949902,32.952418194,34.324800673999995,127.12090886899999,444.015186406
E06000010,Yorkshire and the Humber,"Kingston upon Hull, City of","Kingston upon Hull, City of",2020,CO2,0.880714326,97.22698986099999,320.931802199,229.176265083,53.046536458,335.767880005,1037.030187932
E06000011,Yorkshire and the Humber,East Riding of Yorkshire,East Riding of Yorkshire,2020,CO2,127.79258094,120.45193975000001,562.9168798999999,815.29911077,55.38332410499999,692.152477966,2373.996313431
E06000012,Yorkshire and the Humber,North East Lincolnshire,North East Lincolnshire,2020,CO2,4.565030549,50.685032127,226.41866800000003,625.1764005,22.70554146,228.766499836,1158.317172472
E06000013,Yorkshire and the Humber,North Lincolnshire,North Lincolnshire,2020,CO2,25.761481828999997,39.798224846,252.21223021,5680.498164199999,11.85204813,413.286185085,6423.408334299999
E06000014,Yorkshire and the Humber,York,York,2020,CO2,8.328630947,69.253733826,275.51969897,84.39853694,29.722165219,267.941161464,735.163927366
E06000015,East Midlands,Derby,Derby,2020,CO2,1.1596166600000002,78.42809631899999,321.580202698,193.6165427,66.75378627,361.181904539,1022.7201491860001
E06000016,East Midlands,Leicester,Leicester,2020,CO2,1.348312849,97.73069181700001,399.28022922499997,286.88176336600003,70.88287965,314.744908222,1170.8687851290001
E06000017,East Midlands,Rutland,Rutland,2020,CO2,11.273636769,13.216077841,64.70708276,701.1949099139999,15.112131092999999,131.177762406,936.6816007829999
E06000018,East Midlands,Nottingham,Nottingham,2020,CO2,0.892742497,107.47230189,360.755736357,85.107672854,145.4463249,344.291718387,1043.966496885
E06000019,West Midlands,"Herefordshire, County of","Herefordshire, County of",2020,CO2,99.94488121,50.063658696999994,276.40068999,172.808720145,18.469042151,323.924129601,941.6111217939999
E06000020,West Midlands,Telford and Wrekin,Telford and Wrekin,2020,CO2,9.886792355,46.206359352,223.96069506999999,193.115460124,34.569768371,277.09241696500004,784.831492237
E06000021,West Midlands,Stoke on Trent,Stoke-on-Trent,2020,CO2,2.492859149,80.145750471,329.78330579399994,413.247034653,55.75523178,298.55723669,1179.981418537
E06000022,South West,Bath and North East Somerset,Bath and North East Somerset,2020,CO2,15.749103308,45.045973468,250.76467673,40.990043281,46.135012715,209.875525296,608.560334798
E06000023,South West,"Bristol, City of","Bristol, City of",2020,CO2,1.900565332,164.515453938,506.20851633300003,108.074978984,124.54688864,454.10392542799997,1363.526836503
E06000024,South West,North Somerset,North Somerset,2020,CO2,19.390440541,53.996964668,277.46215064,146.58278653,22.669571157,446.64083949999997,966.742753036
E06000025,South West,South Gloucestershire,South Gloucestershire,2020,CO2,19.606492446,93.498642694,339.80081727000004,245.24385359,37.437518505,730.289922268,1465.877246773
E06000026,South West,Plymouth,Plymouth,2020,CO2,1.166789246,74.887891676,277.368734721,128.897941404,45.163243466,277.99109833200004,809.054184952
E06000027,South West,Torbay,Torbay,2020,CO2,1.694082515,49.494224333,168.54402577800002,28.199424794,27.128146708000003,127.02847820699999,402.088382335
E06000030,South West,Swindon,Swindon,2020,CO2,7.683032617,93.974321921,270.72313805,125.330558751,28.438057416,361.626547688,887.775656443
E06000031,East of England,Peterborough,Peterborough,2020,CO2,12.440014867,90.194890688,248.72073120000002,86.992778668,43.101102795,373.30169951,854.751217728
E06000032,East of England,Luton,Luton,2020,CO2,0.45986800600000005,55.3100519,243.41932366,75.8214208,28.9364712,191.341005619,595.288141185
E06000033,East of England,Southend-on-Sea,Southend-on-Sea,2020,CO2,0.578470224,31.176238941,256.179808466,41.580596186,27.335341249000003,130.738580443,491.794886336
E06000034,East of England,Thurrock,Thurrock,2020,CO2,21.848048104,76.212049185,204.30674008,179.59799070999998,10.805617622,388.495079042,881.265524743
E06000035,South East,Medway,Medway,2020,CO2,4.362922781,33.05556584,332.99207448,98.422234885,27.122564019,270.871866148,766.827228153
E06000036,South East,Bracknell Forest,Bracknell Forest,2020,CO2,3.3232323040000002,70.82875913,158.26613868500002,15.914581717,24.218270437,127.40591724699999,399.95689952
E06000037,South East,West Berkshire,West Berkshire,2020,CO2,19.980406198,42.423783913,240.78727133,138.475131828,38.171887162,493.264309086,973.102789517
E06000038,South East,Reading,Reading,2020,CO2,0.669723312,81.05814407300001,195.054725058,34.326560703,36.75636846,113.00959015,460.875111756
E06000039,South East,Slough,Slough,2020,CO2,0.5006744639999999,204.944555812,150.478208897,85.80233978,29.600680517,149.474825621,624.858206538
E06000040,South East,Windsor and Maidenhead,Windsor and Maidenhead,2020,CO2,4.585742591,76.623662367,235.88967044999998,31.849053811,24.596923623,292.397573882,665.942626724
E06000041,South East,Wokingham,Wokingham,2020,CO2,4.844130315999999,58.513036519,248.81241974000002,35.713672519,15.801323094,269.140282639,632.824864827
E06000042,South East,Milton Keynes,Milton Keynes,2020,CO2,9.305066386,133.935367062,340.95696569,140.914882256,44.938496033,476.534627481,1146.5854049079999
E06000043,South East,Brighton and Hove,Brighton and Hove,2020,CO2,1.998154443,77.093630356,332.210314841,24.594106884000002,55.68849342,262.936656203,754.521356147
E06000044,South East,Portsmouth,Portsmouth,2020,CO2,0.47699970999999997,87.32520765699999,221.363311031,90.717216767,48.73416898,239.536492508,688.153396653
E06000045,South East,Southampton,Southampton,2020,CO2,0.5001936419999999,66.080318854,246.37429885,71.619559947,63.963217009999994,218.414911476,666.9524997789999
E06000046,South East,Isle of Wight,Isle of Wight,2020,CO2,16.532565548,56.47694308,191.85129358,82.44306467199999,22.776567874999998,102.794881255,472.87531601
E06000047,North East,Durham,County Durham,2020,CO2,48.29096946999999,95.878685029,844.2002157000001,330.180457531,93.94296178100001,768.5647706589999,2181.05806017
E06000049,North West,Cheshire,Cheshire East,2020,CO2,72.844885716,165.411061522,647.90129611,347.22126468,61.40685033100001,981.22548107,2276.010839429
E06000050,North West,Cheshire,Cheshire West and Chester,2020,CO2,51.056202371999994,175.908070868,516.0042426,1831.7261611,68.08275842,757.8441920700001,3475.2241635
E06000051,West Midlands,Shropshire,Shropshire,2020,CO2,165.00685878,86.300515831,465.7103865,178.645399362,56.168123169999994,592.27324371,1544.1045273529999
E06000052,South West,Cornwall,Cornwall,2020,CO2,169.333849728,203.479579649,724.916015,313.89546865,63.432273079999995,853.369337599,2330.716039672
E06000053,South West,Isles of Scilly,Isles of Scilly,2020,CO2,0.22292522599999998,1.222430551,2.2018951920000003,0.23572706999999998,0.130924675,2.476135036,6.490037750000001
E06000054,South West,Wiltshire,Wiltshire,2020,CO2,129.10122987,136.698650963,679.9254421,281.971040365,101.94658980599999,1005.060210821,2335.216099998
E06000055,East of England,Bedfordshire,Bedford,2020,CO2,12.272808868999999,57.444371677,233.65599190999998,67.412913962,31.439964316999998,258.284914026,660.510964761
E06000056,East of England,Bedfordshire,Central Bedfordshire,2020,CO2,22.327456386999998,80.54460199799999,393.31001613000007,149.261142491,30.916950830999998,666.6853455830001,1343.0455134200001
E06000057,North East,Northumberland,Northumberland,2020,CO2,132.51981354600002,57.438231058999996,535.7120120000001,278.866575578,36.108325982000004,526.447824113,1567.0927822780002
E06000058,South West,Dorset,"Bournemouth, Christchurch and Poole",2020,CO2,2.010302774,115.276945348,494.810141895,135.18557345,55.696447632,390.30551299,1199.256979919
E06000059,South West,Dorset,Dorset,2020,CO2,122.653911109,97.20421919,530.71216075,138.2439297,48.563022842,624.241953221,1561.619196812
E07000008,East of England,Cambridgeshire,Cambridge,2020,CO2,2.5093518369999996,77.7668006,153.748885751,23.442114619999998,95.70448059,89.837950213,444.971952615
E07000009,East of England,Cambridgeshire,East Cambridgeshire,2020,CO2,30.860355341,20.991782136,128.38168524999998,51.78912201,9.225264765,220.704760986,461.95297048799995
E07000010,East of England,Cambridgeshire,Fenland,2020,CO2,27.962150178999998,27.571145288999997,142.71964124,200.98531219,7.674755423000001,166.402985826,573.315990147
E07000011,East of England,Cambridgeshire,Huntingdonshire,2020,CO2,30.280593656,37.377242189,249.95766775,117.673690409,30.797553506,617.0158019,1083.10254941
E07000012,East of England,Cambridgeshire,South Cambridgeshire,2020,CO2,23.781526438,74.192997279,236.89273432,126.113565505,16.350125264,479.553198495,956.884147301
E07000026,North West,Cumbria,Allerdale,2020,CO2,52.40480461,21.936824655,164.04993516,194.59716141,7.613129982999999,143.394551121,583.996406939
E07000027,North West,Cumbria,Barrow-in-Furness,2020,CO2,2.204213115,45.289092519,99.94328881,250.328962907,9.210289023,35.179713506,442.15555988
E07000028,North West,Cumbria,Carlisle,2020,CO2,44.307664678,68.723631935,176.48688776,88.906729,19.706066242000002,225.175186531,623.306166146
E07000029,North West,Cumbria,Copeland,2020,CO2,16.901677447999997,11.385930725,110.46523742,14.293205892,12.020196881,64.167694295,229.233942661
E07000030,North West,Cumbria,Eden,2020,CO2,86.441304696,41.04992334,104.78377547,260.09333184999997,4.209150504,354.106892615,850.6843784749999
E07000031,North West,Cumbria,South Lakeland,2020,CO2,45.559931292,49.099732931,190.73222273,106.33409741799998,9.387953389,279.394662244,680.508600004
E07000032,East Midlands,Derbyshire,Amber Valley,2020,CO2,12.874012157,39.78059434,190.52876898,130.7350061,12.794776122,190.17243105699998,576.885588756
E07000033,East Midlands,Derbyshire,Bolsover,2020,CO2,7.771669596000001,22.51714318,117.82300396100001,417.03397482,8.217610290000001,259.995367629,833.358769476
E07000034,East Midlands,Derbyshire,Chesterfield,2020,CO2,1.568396994,44.473468163999996,143.298959824,61.315006098,20.184838505,130.04636685,400.887036435
E07000035,East Midlands,Derbyshire,Derbyshire Dales,2020,CO2,36.291685799,23.643102386,123.98515395000001,87.73315284200001,6.460479748,196.226298672,474.339873397
E07000036,East Midlands,Derbyshire,Erewash,2020,CO2,3.379152792,24.567435107999998,159.332642746,67.281857804,19.029757095,193.323311134,466.91415667900003
E07000037,East Midlands,Derbyshire,High Peak,2020,CO2,11.546000668,22.965815639000002,143.961589306,2361.75137291,10.096614321,135.787374427,2686.108767271
E07000038,East Midlands,Derbyshire,North East Derbyshire,2020,CO2,8.421557419,15.563400182,151.741841844,64.809395421,8.950608074,205.07157302299998,454.558375963
E07000039,East Midlands,Derbyshire,South Derbyshire,2020,CO2,23.998698813,24.720330606,145.86150383,97.210505731,12.688621594,247.489472072,551.969132646
E07000040,South West,Devon,East Devon,2020,CO2,36.477792858,28.148831104,198.18657449,33.383959706,11.816777896000001,249.34241918400002,557.356355238
E07000041,South West,Devon,Exeter,2020,CO2,8.052721206,54.089415088,129.24820925999998,51.657235523,46.796669129,89.977319271,379.821569477
E07000042,South West,Devon,Mid Devon,2020,CO2,42.992889160000004,17.379675879,105.40940834,69.094612928,4.905040018,211.49583193499998,451.27745826
E07000043,South West,Devon,North Devon,2020,CO2,61.26882763100001,22.304932047,130.61947185,63.29109387500001,10.555808704,157.163861751,445.20399585800004
E07000044,South West,Devon,South Hams,2020,CO2,38.161911856,48.853354235999994,126.77290608,43.098564895,2.910817183,184.653477803,444.451032053
E07000045,South West,Devon,Teignbridge,2020,CO2,22.580361103999998,24.698616692,170.32481691,87.51787816999999,10.8908766,308.459774198,624.472323674
E07000046,South West,Devon,Torridge,2020,CO2,50.364894449999994,8.997459802,91.49314463,30.277239219000002,3.757475041,99.578674382,284.468887524
E07000047,South West,Devon,West Devon,2020,CO2,40.563433025,8.050564244,79.89178264,46.230682451,3.723170106,144.775923658,323.235556124
E07000061,South East,East Sussex,Eastbourne,2020,CO2,0.996775987,32.954787767,121.230588744,11.216438038,26.978483425,74.228183917,267.605257878
E07000062,South East,East Sussex,Hastings,2020,CO2,0.48782907700000006,20.508532127000002,113.810155687,15.786635449999999,12.980632263,64.111540323,227.685324927
E07000063,South East,East Sussex,Lewes,2020,CO2,10.687809125,17.896399053,141.75600114,23.99726215,11.822924157,146.061285575,352.2216812
E07000064,South East,East Sussex,Rother,2020,CO2,18.277942615,37.875355610999996,151.5162467,46.097007899,6.058027355,153.695939644,413.520519824
E07000065,South East,East Sussex,Wealden,2020,CO2,28.096418111,25.515662169000002,254.1400764,39.847945734999996,16.213711569,290.159795152,653.973609136
E07000066,East of England,Essex,Basildon,2020,CO2,2.148931935,97.550772686,231.84737737,69.282096686,31.730282805,262.155563614,694.7150250960001
E07000067,East of England,Essex,Braintree,2020,CO2,13.684647872,25.353029042000003,210.25934518999998,83.48841516,13.937932218,279.321351183,626.044720665
E07000068,East of England,Essex,Brentwood,2020,CO2,7.392726633,17.46735976,126.07612253399999,30.132506853000002,9.849182184,227.860138501,418.778036465
E07000069,East of England,Essex,Castle Point,2020,CO2,0.662264054,14.750477297000002,130.276017551,18.368038714,7.331355812,97.151712816,268.539866244
E07000070,East of England,Essex,Chelmsford,2020,CO2,9.333781436999999,46.876211592000004,248.47466586,66.266863371,29.386339328,330.87301426600004,731.210875854
E07000071,East of England,Essex,Colchester,2020,CO2,9.025445408,40.059194271,246.82595376999998,57.171974531000004,38.41888688,283.083531069,674.584985929
E07000072,East of England,Essex,Epping Forest,2020,CO2,55.673431683000004,43.084071402,204.35405545,24.101568063,14.388796516000001,491.953536944,833.555460058
E07000073,East of England,Essex,Harlow,2020,CO2,0.434667582,29.185138434000002,105.685270058,95.2678809,13.734561003000001,93.074740174,337.382258151
E07000074,East of England,Essex,Maldon,2020,CO2,10.886592155999999,10.482741313,97.04238959999999,49.781161510000004,3.249861374,75.486742452,246.929488405
E07000075,East of England,Essex,Rochford,2020,CO2,4.390163365,15.750047363,124.19209782200001,18.481794374,6.688503074,92.264183379,261.766789377
E07000076,East of England,Essex,Tendring,2020,CO2,10.963058273,31.479313312000002,211.38024034,61.524413242,12.34161022,203.98176179700002,531.670397184
E07000077,East of England,Essex,Uttlesford,2020,CO2,14.543979363000002,30.635418307000002,139.54531268,25.536089447000002,16.976147816,376.805940445,604.042888058
E07000078,South West,Gloucestershire,Cheltenham,2020,CO2,1.362391384,29.52487787,155.0557478,33.928609865,50.25408305,81.823425446,351.949135415
E07000079,South West,Gloucestershire,Cotswold,2020,CO2,38.971026328,29.363454864999998,151.4632997,56.431522932,10.704288663,239.22533521699998,526.158927705
E07000080,South West,Gloucestershire,Forest of Dean,2020,CO2,20.72031107,10.677328555999999,122.1369977,100.53516683000001,5.94561169,143.99623066,404.01164650600003
E07000081,South West,Gloucestershire,Gloucester,2020,CO2,0.595295287,44.027871434,150.81019497,86.601515535,27.786795429,103.077936147,412.899608802
E07000082,South West,Gloucestershire,Stroud,2020,CO2,31.467879185,17.195693219,170.18205596,88.19002902,22.258178959,313.72830499500003,643.022141338
E07000083,South West,Gloucestershire,Tewkesbury,2020,CO2,20.179061667,35.098661906,123.37546263,93.528310982,8.025862196,299.140647397,579.348006778
E07000084,South East,Hampshire,Basingstoke and Deane,2020,CO2,19.753919862,74.624779852,247.31216917999998,90.273507406,22.437822525,397.97002265400005,852.372221479
E07000085,South East,Hampshire,East Hampshire,2020,CO2,13.872304425000001,24.161323455,192.08277056,46.699772497,14.930000228,260.55535962199997,552.301530787
E07000086,South East,Hampshire,Eastleigh,2020,CO2,6.904602506000001,38.807044802,165.426007749,57.027540314999996,13.460094564999999,221.570507337,503.19579727400003
E07000087,South East,Hampshire,Fareham,2020,CO2,2.107702278,26.74176752,147.164840849,46.77449748,14.328889469,167.276431007,404.394128603
E07000088,South East,Hampshire,Gosport,2020,CO2,0.30261350600000003,15.482535529,90.65337789399999,22.311722575,12.908389427,58.424524737,200.083163668
E07000089,South East,Hampshire,Hart,2020,CO2,6.6509839170000005,41.773842972000004,148.909470205,21.911303980000003,19.131899389,184.17741734199998,422.55491780499995
E07000090,South East,Hampshire,Havant,2020,CO2,1.138486346,19.806086209,158.10584247100002,39.098911007,10.779010388,142.422479743,371.350816164
E07000091,South East,Hampshire,New Forest,2020,CO2,16.400178304999997,23.590122096,260.92725154,186.04498037000002,7.890288018,380.921891164,920.463141993
E07000092,South East,Hampshire,Rushmoor,2020,CO2,0.42314883799999997,40.308878697000004,115.60308523799999,34.332776221,18.286563472,119.30739286,328.261845326
E07000093,South East,Hampshire,Test Valley,2020,CO2,22.059897366999998,49.409052789,184.20114675,70.868366329,21.015395996000002,352.937953177,700.491812408
E07000094,South East,Hampshire,Winchester,2020,CO2,22.352284735999998,43.741361445,185.45411382,43.149196899,32.521634965,351.86705495,679.085646815
E07000095,East of England,Hertfordshire,Broxbourne,2020,CO2,1.746567874,34.150646998,124.42256582200001,42.064289900999995,6.801382538,112.94406407299999,322.129517206
E07000096,East of England,Hertfordshire,Dacorum,2020,CO2,5.8223599120000005,72.438591218,217.49179041,37.728873267,25.095483333,240.72762463,599.30472277
E07000098,East of England,Hertfordshire,Hertsmere,2020,CO2,2.1441149409999998,44.137996753,161.09149404599998,53.88566014,18.764362769,317.799294342,597.822922991
E07000099,East of England,Hertfordshire,North Hertfordshire,2020,CO2,9.942041351,30.057982486,186.42629334,77.013277691,11.47110112,243.463498318,558.374194306
E07000102,East of England,Hertfordshire,Three Rivers,2020,CO2,2.549015996,29.431440322,145.97349373699998,18.383247422,17.925458770000002,264.142717942,478.405374189
E07000103,East of England,Hertfordshire,Watford,2020,CO2,0.209540217,54.488841965,120.413554116,16.589729986000002,17.07795804,86.27471673,295.054341054
E07000105,South East,Kent,Ashford,2020,CO2,17.093229837,34.467354214,178.89203411,61.830199518,24.316300097000003,229.041233039,552.5277002619999
E07000106,South East,Kent,Canterbury,2020,CO2,10.447404192999999,44.693740515,203.32335701999997,22.042889798999997,55.688410809,189.27562713900002,525.471429475
E07000107,South East,Kent,Dartford,2020,CO2,1.599338307,50.366786141999995,135.978490361,32.008471215,11.685293942000001,292.454896938,524.093276905
E07000108,South East,Kent,Dover,2020,CO2,10.515902418,55.386742459,152.42989305,38.695988815,9.46242814,133.041463343,405.197267343
E07000109,South East,Kent,Gravesham,2020,CO2,3.21840491,34.166903948,131.964978493,70.38412614800001,7.2677042720000005,156.04850374,403.05062151100003
E07000110,South East,Kent,Maidstone,2020,CO2,16.090886472,42.811389374,229.55051933000001,73.035378115,25.187150314,318.690979605,705.3663032100001
E07000111,South East,Kent,Sevenoaks,2020,CO2,11.031259882999999,26.150371278,197.54968286,30.350769284,14.352679655000001,401.74805963899996,681.182822599
E07000112,South East,Kent,Folkestone and Hythe,2020,CO2,10.185668091,25.302983589,152.86748774,26.829872847,25.084009917,164.241808908,404.51183109199997
E07000113,South East,Kent,Swale,2020,CO2,16.203159972,41.730176516,184.03081798,531.5735358100001,15.889423873,270.371391179,1059.7985053300001
E07000114,South East,Kent,Thanet,2020,CO2,107.24764548300001,35.274411578,183.069962344,29.866816614,15.190302737000001,117.406421095,488.055559851
E07000115,South East,Kent,Tonbridge and Malling,2020,CO2,7.994657263,42.825237155,179.32376635999998,139.74631452,14.767033366,319.817056378,704.474065042
E07000116,South East,Kent,Tunbridge Wells,2020,CO2,15.405418863,43.902359747,177.66346740999998,21.092093453,19.171179983000002,138.450259412,415.68477886799997
E07000117,North West,Lancashire,Burnley,2020,CO2,1.970258163,34.989673356999994,128.223434199,49.789309994,17.503174967,125.796616985,358.272467665
E07000118,North West,Lancashire,Chorley,2020,CO2,7.674369237,22.928139516,169.89050651,55.127555143,21.809983582999998,284.114622901,561.54517689
E07000119,North West,Lancashire,Fylde,2020,CO2,8.521253948,17.134741296999998,132.42041605,86.338427771,12.782161377000001,157.03507585699998,414.23207629999996
E07000120,North West,Lancashire,Hyndburn,2020,CO2,2.10678801,19.301526776,114.354750354,75.533058702,7.0995196179999995,131.091704009,349.48734746900004
E07000121,North West,Lancashire,Lancaster,2020,CO2,24.981036644,30.404541827,199.46230769,78.910331929,34.314899509,290.006576257,658.079693856
E07000122,North West,Lancashire,Pendle,2020,CO2,6.431583841999999,16.581542516,135.192347735,69.4571378,7.375936457000001,125.23052845,360.2690768
E07000123,North West,Lancashire,Preston,2020,CO2,7.135512830000001,75.894236647,190.863813036,77.227606458,46.029555879,262.092229508,659.242954358
E07000124,North West,Lancashire,Ribble Valley,2020,CO2,23.458187675,9.47734072,105.54723368,598.82250793,5.1083951139999995,101.168205661,843.58187078
E07000125,North West,Lancashire,Rossendale,2020,CO2,2.558746387,10.640953171,109.41459954300001,75.11198279499999,5.90666986,119.285335622,322.918287378
E07000126,North West,Lancashire,South Ribble,2020,CO2,4.956635297,34.009134772,154.73330637,196.726868336,6.667280874999999,219.02453212,616.11775777
E07000127,North West,Lancashire,West Lancashire,2020,CO2,51.742764177,27.408541808,169.96652573,144.93381969,24.260037999,187.805177303,606.116866707
E07000128,North West,Lancashire,Wyre,2020,CO2,14.632613276,36.886042014000004,172.56612093,110.17511999300001,8.656241845,190.498467919,533.4146059770001
E07000129,East Midlands,Leicestershire,Blaby,2020,CO2,5.154519704,34.22701823,142.312840488,41.478337494,6.924750697,277.29447908000003,507.391945693
E07000130,East Midlands,Leicestershire,Charnwood,2020,CO2,16.505376986,41.070221141,245.74367969,136.859539204,34.409089937,272.273814217,746.861721175
E07000131,East Midlands,Leicestershire,Harborough,2020,CO2,25.114758492,28.489290562,146.17391821,30.673468238,8.644926177,275.714530531,514.81089221
E07000132,East Midlands,Leicestershire,Hinckley and Bosworth,2020,CO2,10.375683998,30.294554626,163.53696493,95.11748149,7.090724605,233.214233253,539.629642902
E07000133,East Midlands,Leicestershire,Melton,2020,CO2,17.550580974,11.706868399,79.2106073,55.349777774,4.599899792,96.164824457,264.582558696
E07000134,East Midlands,Leicestershire,North West Leicestershire,2020,CO2,10.438758357,47.014463876,150.15703785000002,314.20418019,26.256241196,374.758431172,922.8291126409999
E07000135,East Midlands,Leicestershire,Oadby and Wigston,2020,CO2,0.415261025,9.203102121999999,81.02744440000001,24.937867269,8.575296423,44.248483821,168.40745506000002
E07000136,East Midlands,Lincolnshire,Boston,2020,CO2,13.786461948,15.679222733,94.89226674,37.710331343,6.923276692,99.51191503000001,268.503474486
E07000137,East Midlands,Lincolnshire,East Lindsey,2020,CO2,53.410695114999996,43.780353895,217.8597802,65.10205381899999,12.941649228,235.880156895,628.974689152
E07000138,East Midlands,Lincolnshire,Lincoln,2020,CO2,0.54118658,36.897481029999994,118.216444354,36.174766684,35.077895432,59.163747112,286.071521192
E07000139,East Midlands,Lincolnshire,North Kesteven,2020,CO2,40.922042206,19.778885394,168.01798741,54.189480109,25.938173321999997,199.922949379,508.76951782
E07000140,East Midlands,Lincolnshire,South Holland,2020,CO2,36.403276106999996,31.358956808000002,137.08954919,72.832898079,4.631872672,158.866915337,441.183468193
E07000141,East Midlands,Lincolnshire,South Kesteven,2020,CO2,28.521433088000002,45.900769445,203.43250574,108.182946815,15.203280805999999,284.011460452,685.2523963460001
E07000142,East Midlands,Lincolnshire,West Lindsey,2020,CO2,37.688568303,17.936109973,145.09130763000002,58.17369922,12.546605827,185.255299795,456.69159074800007
E07000143,East of England,Norfolk,Breckland,2020,CO2,31.080606025,22.404684829,195.61736209000003,88.9302984,10.807278833,300.455881668,649.296111845
E07000144,East of England,Norfolk,Broadland,2020,CO2,13.273728674000001,49.860421345,192.25086255000002,132.20911284,8.954510801,212.760892452,609.309528662
E07000145,East of England,Norfolk,Great Yarmouth,2020,CO2,4.961130781,23.881338845,131.22318952,22.670580879,12.230943593,114.379871923,309.34705554100003
E07000146,East of England,Norfolk,King's Lynn and West Norfolk,2020,CO2,46.279851074,138.66529204900002,229.70691604,293.62822429,12.856986972,318.78651960300004,1039.923790028
E07000147,East of England,Norfolk,North Norfolk,2020,CO2,27.39105345,32.224476501,168.2449193,62.499350612,12.566668088,182.03723698200002,484.96370493300003
E07000148,East of England,Norfolk,Norwich,2020,CO2,0.682744091,44.943649887,165.984400198,54.500081752,39.919050935,109.565506024,415.595432887
E07000149,East of England,Norfolk,South Norfolk,2020,CO2,41.498444055,23.905851943000002,201.77237471,80.694726434,20.257871083999998,321.702164518,689.831432744
E07000163,Yorkshire and the Humber,North Yorkshire,Craven,2020,CO2,34.173154816,13.859343245,100.35780788,43.328280053,6.045361639999999,128.102454752,325.866402386
E07000164,Yorkshire and the Humber,North Yorkshire,Hambleton,2020,CO2,53.136652165,22.108063767,165.19806687,94.21255103600001,19.618266755,334.054670981,688.328271574
E07000165,Yorkshire and the Humber,North Yorkshire,Harrogate,2020,CO2,44.231734787,64.671135815,279.53274911,82.532487042,49.968214318,422.613538433,943.549859505
E07000166,Yorkshire and the Humber,North Yorkshire,Richmondshire,2020,CO2,30.175735591,23.383967207,87.06602935000001,18.61322757,9.926074767000001,182.38580387000002,351.550838355
E07000167,Yorkshire and the Humber,North Yorkshire,Ryedale,2020,CO2,41.190937641,24.481968395,99.7076549,60.152569393,18.688648015000002,161.45151995799998,405.673298302
E07000168,Yorkshire and the Humber,North Yorkshire,Scarborough,2020,CO2,19.662298783,55.830995289,180.93585591000002,78.71473521600001,11.626310661,135.11904615,481.889242009
E07000169,Yorkshire and the Humber,North Yorkshire,Selby,2020,CO2,23.57388627,56.29788812699999,140.54657885,299.39049858,8.858587325,261.74237362499997,790.409812777
E07000170,East Midlands,Nottinghamshire,Ashfield,2020,CO2,2.1919518339999997,31.318505048000002,172.10023023600002,85.34199781,26.70474473,187.223641063,504.881070721
E07000171,East Midlands,Nottinghamshire,Bassetlaw,2020,CO2,19.29097527,21.210847594,170.97667149,127.423198715,8.510519577,300.306770197,647.718982843
E07000172,East Midlands,Nottinghamshire,Broxtowe,2020,CO2,2.017710076,57.247305526000005,157.755058966,113.741956292,10.939670684,233.496134961,575.1978365049999
E07000173,East Midlands,Nottinghamshire,Gedling,2020,CO2,3.375503353,30.103229083,174.38725104099998,75.4795988,13.973177552,93.61953059400001,390.938290423
E07000174,East Midlands,Nottinghamshire,Mansfield,2020,CO2,1.741976091,35.122497766,158.118633967,46.897516606,10.109696139999999,100.74747308,352.73779365
E07000175,East Midlands,Nottinghamshire,Newark and Sherwood,2020,CO2,22.089662595,27.637440478,185.38849992000002,220.50057692999997,5.206837194,315.853941296,776.676958413
E07000176,East Midlands,Nottinghamshire,Rushcliffe,2020,CO2,14.030873699,93.161680341,183.70744854,106.466283567,19.433711002000003,221.519141197,638.319138346
E07000177,South East,Oxfordshire,Cherwell,2020,CO2,18.869698235,55.144509381999995,219.63126011,209.96594211,26.766818487000002,465.77235558,996.1505839040001
E07000178,South East,Oxfordshire,Oxford,2020,CO2,0.885984908,90.246023292,172.307058087,75.955029786,89.45355067,112.514977009,541.362623752
E07000179,South East,Oxfordshire,South Oxfordshire,2020,CO2,26.930047813,57.614675458,226.42039827,73.43464754,18.41210985,316.244875158,719.056754089
E07000180,South East,Oxfordshire,Vale of White Horse,2020,CO2,19.394226576999998,46.685960885,197.04766297999998,87.51643591000001,25.421172931,310.158280628,686.2237399109999
E07000181,South East,Oxfordshire,West Oxfordshire,2020,CO2,21.940822771,23.12301607,175.14775845,73.173204769,28.453526332,179.805113252,501.643441644
E07000187,South West,Somerset,Mendip,2020,CO2,36.476974,23.834757442,156.18704348,124.36073663,11.825653099,210.265323438,562.950488089
E07000188,South West,Somerset,Sedgemoor,2020,CO2,28.411136662999997,27.670181126,155.32193111,128.020437923,22.3120049,336.662259505,698.397951227
E07000189,South West,Somerset,South Somerset,2020,CO2,48.152312003,32.371062183,225.58242089,135.046378446,23.763773536,302.502325084,767.418272142
E07000192,West Midlands,Staffordshire,Cannock Chase,2020,CO2,1.204018562,26.35520241,136.023348035,65.44267738,6.536466221,97.185970161,332.747682769
E07000193,West Midlands,Staffordshire,East Staffordshire,2020,CO2,20.071727018,78.19360887,163.84929846,128.047770373,19.158193709,199.446087742,608.7666861719999
E07000194,West Midlands,Staffordshire,Lichfield,2020,CO2,12.181118215,23.123589837,156.02473791,52.938814168,16.380833464,268.873648388,529.522741982
E07000195,West Midlands,Staffordshire,Newcastle-under-Lyme,2020,CO2,10.020848582,33.922083864,173.998917778,88.54703182,15.450547585999999,293.921933759,615.861363389
E07000196,West Midlands,Staffordshire,South Staffordshire,2020,CO2,17.431272129,19.533041828,157.82074146,107.956439232,19.730034186,411.505459752,733.976988587
E07000197,West Midlands,Staffordshire,Stafford,2020,CO2,32.633104112,37.41681913,198.3411958,52.409097639,30.634661169,437.23716947,788.67204732
E07000198,West Midlands,Staffordshire,Staffordshire Moorlands,2020,CO2,28.349832867,52.324837172,150.76774738,657.3621461399999,7.554580117,148.038010028,1044.397153704
E07000199,West Midlands,Staffordshire,Tamworth,2020,CO2,0.38347522600000006,14.599408616,96.116884701,35.409758427,4.150316287,71.479706418,222.139549675
E07000200,East of England,Suffolk,Babergh,2020,CO2,22.032150126,16.891870524999998,137.16798004999998,68.04902095,5.5143070960000005,190.73199471400002,440.38732346100005
E07000202,East of England,Suffolk,Ipswich,2020,CO2,0.765510756,32.388551276,162.68376452799998,36.509661537,24.457299519,100.511055227,364.389481461
E07000203,East of England,Suffolk,Mid Suffolk,2020,CO2,22.606139047,23.223441786000002,148.76797943,90.194815117,13.624079118000001,225.85948169,524.2759361880001
E07000207,South East,Surrey,Elmbridge,2020,CO2,2.2536984980000003,56.233807965,239.12783043599998,22.08924159,21.397890259,241.201470466,582.3039392139999
E07000208,South East,Surrey,Epsom and Ewell,2020,CO2,0.50076938,12.887281539,118.6005497,4.223160957,15.423371576,66.24041823900001,217.875551391
E07000209,South East,Surrey,Guildford,2020,CO2,5.659604739,50.751623829,212.77234295,28.385357109,41.886535276000004,328.751414929,668.206878832
E07000210,South East,Surrey,Mole Valley,2020,CO2,7.270644921,32.226569821,151.40076426,47.023005318,17.531878375999998,223.53061279099998,478.98347548699996
E07000211,South East,Surrey,Reigate and Banstead,2020,CO2,3.0029954070000002,37.034345019,226.718597487,54.648046354,29.640207115,291.10743446,642.1516258419999
E07000212,South East,Surrey,Runnymede,2020,CO2,11.218577908999999,32.191936431,121.540971286,15.247598329999999,35.1910328,291.279656589,507.56541079600004
E07000213,South East,Surrey,Spelthorne,2020,CO2,0.777656205,26.822729777,134.649695028,25.129999795,12.990564005,159.728144026,360.098788836
E07000214,South East,Surrey,Surrey Heath,2020,CO2,2.103852404,35.508078554,140.913515835,52.620328583,14.708107454000002,212.92382079200001,458.77770362200005
E07000215,South East,Surrey,Tandridge,2020,CO2,8.607731707,21.820864944,148.20933528,16.09715266,12.685515194,271.882860768,479.30346055300004
E07000216,South East,Surrey,Waverley,2020,CO2,8.786065266000001,27.928430508,215.27522898,18.802258987,27.002472859999997,211.681286864,509.475743465
E07000217,South East,Surrey,Woking,2020,CO2,1.399177513,41.695344904,143.88495248200002,88.804236895,12.530001227,110.56325253199999,398.876965553
E07000218,West Midlands,Warwickshire,North Warwickshire,2020,CO2,7.368226654000001,44.408120745,93.673150966,125.26616686,4.05167561,480.98173350999997,755.7490743449999
E07000219,West Midlands,Warwickshire,Nuneaton and Bedworth,2020,CO2,1.4971531690000002,25.5489586,168.10161644000002,44.217953665,16.258954246,177.821536504,433.44617262400004
E07000220,West Midlands,Warwickshire,Rugby,2020,CO2,13.502101538,57.840758343,150.675372468,1079.11871845,13.148801597,359.172389462,1673.458141858
E07000221,West Midlands,Warwickshire,Stratford-on-Avon,2020,CO2,36.314570481,68.87468847000001,206.95350306,119.230854671,26.080992983999998,413.64626223,871.100871896
E07000222,West Midlands,Warwickshire,Warwick,2020,CO2,8.022883298,51.355893773,200.69829004,57.532395641,24.776418994,375.66894348,718.054825226
E07000223,South East,West Sussex,Adur,2020,CO2,1.727276298,13.397367358,78.20717801800001,18.401388961000002,6.8557921,87.991443589,206.580446324
E07000224,South East,West Sussex,Arun,2020,CO2,11.130533231000001,33.589407677,220.11287683,45.333319976,15.726280244000002,180.447912046,506.340330004
E07000225,South East,West Sussex,Chichester,2020,CO2,49.292452249,38.884051398,196.52427812000002,118.83320329300001,27.544803987999998,248.06316887699998,679.141957925
E07000226,South East,West Sussex,Crawley,2020,CO2,0.5072612120000001,88.604883155,126.992409445,71.81858280899999,11.54384136,199.05846189099998,498.525439872
E07000227,South East,West Sussex,Horsham,2020,CO2,23.399475593000002,29.084136475,214.87486958,81.61164865100001,12.580870037,232.136806072,593.687806408
E07000228,South East,West Sussex,Mid Sussex,2020,CO2,11.550751252,32.814605317,216.90538850000002,63.041194121000004,19.504662392,236.894672918,580.7112745
E07000229,South East,West Sussex,Worthing,2020,CO2,0.515890683,17.218805759,137.70664417199998,34.613198158,15.702599923000001,79.088178485,284.84531718
E07000234,West Midlands,Worcestershire,Bromsgrove,2020,CO2,7.183952238000001,21.099987775,148.775984991,24.538991489,13.382241158,346.045437333,561.026594984
E07000235,West Midlands,Worcestershire,Malvern Hills,2020,CO2,24.306189864,12.139571346,121.64406638999999,39.223796671,8.710558639,220.735863303,426.760046213
E07000236,West Midlands,Worcestershire,Redditch,2020,CO2,1.663303714,16.874244821,106.728378517,60.313155895,9.241225291,80.195234263,282.974580272
E07000237,West Midlands,Worcestershire,Worcester,2020,CO2,0.6575544449999999,24.135216656,121.28924324099998,38.807177988,25.78960417,91.260545297,301.939341797
E07000238,West Midlands,Worcestershire,Wychavon,2020,CO2,29.243213792000002,43.909365956,183.50538108,136.48338807,26.509553169,396.67948878,816.330390847
E07000239,West Midlands,Worcestershire,Wyre Forest,2020,CO2,5.354385511,22.980454407,136.55830066000001,56.595646558,11.285476326000001,123.90928541400001,356.68354887600003
E07000240,East of England,Hertfordshire,St Albans,2020,CO2,5.183921137,49.614167312,226.23243785600002,30.267533475,17.1329509,490.77295302500005,819.2039637050001
E07000241,East of England,Hertfordshire,Welwyn Hatfield,2020,CO2,2.940067805,73.78131791300001,157.139224722,63.027923064999996,30.913294619,208.44627747500002,536.248105599
E07000242,East of England,Hertfordshire,East Hertfordshire,2020,CO2,15.998437647,58.360304086,215.69495307,63.972201842000004,20.078142221,234.679369576,608.783408442
E07000243,East of England,Hertfordshire,Stevenage,2020,CO2,0.236157259,57.073591,100.941970756,44.065374981,22.133815045,107.91506153499999,333.838412066
E07000244,East of England,Suffolk,East Suffolk,2020,CO2,31.724871800000003,67.17567749199999,356.52595005,201.364883976,19.870493359,349.840377957,1026.502254634
E07000245,East of England,Suffolk,West Suffolk,2020,CO2,28.165050705,220.046790906,240.25467923,423.57446147,40.8293443,342.329935976,1295.200262587
E07000246,South West,Somerset,Somerset West and Taunton,2020,CO2,52.722787783,36.735122269,195.4178792,37.686531939999995,25.967472656,333.679735809,682.2095296570001
E08000001,North West,Bolton,Bolton,2020,CO2,2.5225930630000004,72.104590746,381.823767045,118.349043855,43.010383969,481.957695424,1105.2922684750001
E08000002,North West,Bury,Bury,2020,CO2,1.880904479,47.853013968,266.010970222,70.891363537,25.072637168,354.575843791,766.284733165
E08000003,North West,Manchester,Manchester,2020,CO2,0.6057110450000001,273.173792156,573.580592835,143.645836378,185.34246348,637.247761201,1813.5961570949999
E08000004,North West,Oldham,Oldham,2020,CO2,1.4875244650000001,54.352911566,296.42433852199997,91.844836608,46.024596383,233.115852006,728.7742539230001
E08000005,North West,Rochdale,Rochdale,2020,CO2,2.632776772,49.580252473,285.379957904,119.96447246,26.184718312999998,382.264590186,866.006768108
E08000006,North West,Salford,Salford,2020,CO2,2.07950211,103.41228744200001,312.91640766,79.492478244,68.09623581,493.555562599,1059.552473865
E08000007,North West,Stockport,Stockport,2020,CO2,16.145036777,66.38373849,426.975987337,121.72263831100001,34.312409963,427.241533474,1092.781344352
E08000008,North West,Tameside,Tameside,2020,CO2,3.337278056,44.196438254,296.131456144,114.108359225,32.040110513,255.799276781,745.612918973
E08000009,North West,Trafford,Trafford,2020,CO2,1.382239769,167.299848704,334.83593237300005,506.72402028,18.926073621,330.69217376,1359.860288507
E08000010,North West,Wigan,Wigan,2020,CO2,3.449892225,87.34178322700001,424.35278946,203.24363160299998,29.220061310000002,425.487002593,1173.095160418
E08000011,North West,Knowsley,Knowsley,2020,CO2,2.0155225640000003,26.082268248000002,188.42548978799996,140.793932981,18.216803213,334.673273728,710.207290522
E08000012,North West,Liverpool,Liverpool,2020,CO2,1.393244193,185.334026736,576.813461735,194.98948784,129.21209305,564.0343909220001,1651.776704476
E08000013,North West,St. Helens,St. Helens,2020,CO2,2.922001923,85.119742881,238.975130269,365.42978006,66.532229716,273.148314062,1032.127198911
E08000014,North West,Sefton,Sefton,2020,CO2,4.389428334,112.44474758700001,399.86034916,222.99206787,113.4130577,250.27251080000002,1103.372161451
E08000015,North West,Wirral,Wirral,2020,CO2,3.2859452929999997,95.145270087,445.369579848,139.44976961700002,35.07818408,383.20230369300003,1101.531052618
E08000016,Yorkshire and the Humber,Barnsley,Barnsley,2020,CO2,8.958288025,136.770456967,332.65279333,215.81570349,17.722793229999997,407.241456425,1119.161491467
E08000017,Yorkshire and the Humber,Doncaster,Doncaster,2020,CO2,17.674107701,144.989147627,416.12739261,238.75259006000002,43.275854665,783.2376320899999,1652.4076839769998
E08000018,Yorkshire and the Humber,Rotherham,Rotherham,2020,CO2,8.722082059,77.120367655,353.654684259,328.01160923,42.912373681,531.762360416,1342.1834773
E08000019,Yorkshire and the Humber,Sheffield,Sheffield,2020,CO2,6.677009093,157.226061845,720.70366175,397.78221299000006,106.902033731,622.733814853,2012.0247942620001
E08000021,North East,Newcastle upon Tyne,Newcastle upon Tyne,2020,CO2,2.060461247,135.369001833,380.40927236000005,78.721421193,125.96956089500001,363.410371029,1085.940088557
E08000022,North East,North Tyneside,North Tyneside,2020,CO2,0.8513603510000001,73.021871427,300.96777134,104.672945529,33.267168196,255.716453616,768.497570459
E08000023,North East,South Tyneside,South Tyneside,2020,CO2,1.074393243,25.098879156000002,207.06602487,36.477910343000005,24.06828341,149.58137175899998,443.366862781
E08000024,North East,Sunderland,Sunderland,2020,CO2,2.087812404,61.461880515000004,391.50268287,203.786831565,47.529151461,340.188275003,1046.5566338180001
E08000025,West Midlands,Birmingham,Birmingham,2020,CO2,3.939982953,336.011820473,1332.71715638,528.48721427,245.06173914,1274.9386529,3721.1565661160002
E08000026,West Midlands,Coventry,Coventry,2020,CO2,1.4381481010000001,93.620076389,399.57570447399996,166.023568669,85.97491152,382.530279012,1129.162688165
E08000027,West Midlands,Dudley,Dudley,2020,CO2,0.6817362570000001,55.240358973,418.575477481,139.569398899,44.93701141,357.52270000500005,1016.526683025
E08000028,West Midlands,Sandwell,Sandwell,2020,CO2,0.457307123,109.363635304,389.807177908,237.092052616,39.16398211,484.39102839199995,1261.384295225
E08000029,West Midlands,Solihull,Solihull,2020,CO2,4.7352891580000005,106.176816904,308.310964183,117.16855850799999,28.761670838,491.76535218699996,1056.918651778
E08000030,West Midlands,Walsall,Walsall,2020,CO2,1.677519732,50.528404757,352.76267957799996,142.333315297,34.63620777,349.476497879,931.414625013
E08000031,West Midlands,Wolverhampton,Wolverhampton,2020,CO2,0.581026406,74.46287640999999,332.288273004,127.394296885,54.466015999999996,268.421834377,857.614323082
E08000032,Yorkshire and the Humber,Bradford,Bradford,2020,CO2,8.465939426,141.815932947,719.2428942,340.25993571000004,82.97026024799999,584.0395660500001,1876.7945285810001
E08000033,Yorkshire and the Humber,Calderdale,Calderdale,2020,CO2,5.713061402,46.323942813,312.90866481,155.51443042800003,24.192216401,347.898066659,892.550382513
E08000034,Yorkshire and the Humber,Kirklees,Kirklees,2020,CO2,10.185042276999999,146.972368991,607.57042257,294.477507536,40.093427239,587.505078612,1686.803847225
E08000035,Yorkshire and the Humber,Leeds,Leeds,2020,CO2,12.615468578,283.502673647,1050.26618427,492.043074,176.660272964,1446.81280722,3473.3121666389998
E08000036,Yorkshire and the Humber,Wakefield,Wakefield,2020,CO2,7.854210727,176.031209258,461.73929603000005,334.76160669,44.651099377,673.8865544170001,1698.9239764990002
E08000037,North East,Gateshead,Gateshead,2020,CO2,1.5745858320000001,50.902151355,281.67354704999997,155.720918727,42.488218287,382.065838586,914.425259837
E09000001,London,City of London,City of London,2020,CO2,0.605824877,337.442040879,10.230844116,45.593065702000004,51.79932115,52.76539381,498.436490534
E09000002,London,Barking and Dagenham,Barking and Dagenham,2020,CO2,0.323614491,43.630156590999995,192.90108204999999,76.630944989,19.218363647,178.64148419,511.345645958
E09000003,London,Barnet,Barnet,2020,CO2,1.368541876,95.0763767,525.580117307,34.835830916999996,79.43621676,402.536522445,1138.833606005
E09000004,London,Bexley,Bexley,2020,CO2,0.6552642040000001,104.899525908,301.586101517,85.040462144,17.87981125,237.41882373800001,754.2494012149999
E09000005,London,Brent,Brent,2020,CO2,0.24505357500000002,107.109709208,365.60216186599996,105.61262947099999,85.76388506,238.173279319,902.5067184989999
E09000006,London,Bromley,Bromley,2020,CO2,2.3502815449999996,80.699504773,489.784469074,29.214922367999996,41.05623581,297.32219072099997,940.427604291
E09000007,London,Camden,Camden,2020,CO2,1.9733144759999999,243.421663787,240.82792148299998,37.539102002,206.79996640000002,144.24787899,874.809847138
E09000008,London,Croydon,Croydon,2020,CO2,0.833745985,102.372857211,501.978616224,37.153393654,60.724501790000005,317.685391068,1020.748505932
E09000009,London,Ealing,Ealing,2020,CO2,0.810372592,120.350085807,401.642177092,132.361022061,45.70912744,310.258308267,1011.131093259
E09000010,London,Enfield,Enfield,2020,CO2,1.871485529,90.524348936,387.548796639,81.528872018,41.16472408,412.156773805,1014.795001007
E09000011,London,Greenwich,Greenwich,2020,CO2,0.272877488,86.398744552,286.17028629000004,46.854433987,51.65999229,270.033811286,741.390145893
E09000012,London,Hackney,Hackney,2020,CO2,0.11545759,90.292553706,248.03392223900002,25.876412821000002,52.8088245,144.236793817,561.363964673
E09000013,London,Hammersmith and Fulham,Hammersmith and Fulham,2020,CO2,0.131062556,119.368347206,216.893409546,24.52689577,72.00493692,139.087579004,572.0122310019999
E09000014,London,Haringey,Haringey,2020,CO2,0.138358772,95.972220964,302.68580885,31.461093014,24.453910997,166.469277651,621.180670248
E09000015,London,Harrow,Harrow,2020,CO2,0.507087995,41.167321810000004,332.91550309400003,19.515378774,27.278936871,182.64150964400002,604.0257381880001
E09000016,London,Havering,Havering,2020,CO2,1.668866401,55.425765621,331.064897903,50.503508378999996,25.01777799,385.365466029,849.046282323
E09000017,London,Hillingdon,Hillingdon,2020,CO2,2.418143406,201.553136326,356.044127752,73.022908827,59.03837294,592.4456256349999,1286.80311377
E09000018,London,Hounslow,Hounslow,2020,CO2,0.963071671,152.565235941,293.522891152,67.363518998,45.340645300000006,314.82066345,874.576026512
E09000019,London,Islington,Islington,2020,CO2,0.068837807,157.50515711699998,226.07035693299997,24.253590794,54.69396106000001,118.984106955,581.576010666
E09000020,London,Kensington and Chelsea,Kensington and Chelsea,2020,CO2,1.115109532,199.501373193,223.638169191,41.462831724,60.03408071,138.404327711,664.155892061
E09000021,London,Kingston upon Thames,Kingston upon Thames,2020,CO2,0.522364087,58.806773177000004,216.793834282,19.578769851,29.44945411,205.663192692,530.814388199
E09000022,London,Lambeth,Lambeth,2020,CO2,0.542479236,99.58135807800001,344.138690891,34.187917156,110.31363119000001,227.38055047799998,816.144627029
E09000023,London,Lewisham,Lewisham,2020,CO2,0.217544914,62.665943784,328.203312992,17.162723783,37.97431836,245.48318608900001,691.7070299220001
E09000024,London,Merton,Merton,2020,CO2,0.459923585,91.7947022,261.631929155,31.479432738,21.326787058,145.925835541,552.618610277
E09000025,London,Newham,Newham,2020,CO2,0.075502075,171.819151441,277.36964276599997,131.25241757,34.18497979,266.764086874,881.465780516
E09000026,London,Redbridge,Redbridge,2020,CO2,0.48331189599999996,42.203134227,347.54550233799995,28.825620378,35.02751989,289.65011502699997,743.7352037559999
E09000027,London,Richmond upon Thames,Richmond upon Thames,2020,CO2,0.739092616,55.35690522,286.722894368,23.443404274,29.024960041999996,172.810970358,568.098226878
E09000028,London,Southwark,Southwark,2020,CO2,0.45099480799999997,168.953388169,280.542526968,33.774582624,117.80962584000001,228.54972849499998,830.0808469039999
E09000029,London,Sutton,Sutton,2020,CO2,0.641568125,45.281655936,256.17088529800003,53.989705777,27.646507485,166.407733932,550.1380565530001
E09000030,London,Tower Hamlets,Tower Hamlets,2020,CO2,0.410730762,345.92947838500004,213.20821,103.683629998,93.44643389999999,264.03056128500003,1020.7090443300001
E09000031,London,Waltham Forest,Waltham Forest,2020,CO2,0.28367068,46.951858612,289.308403538,40.924388143,27.949712537,199.39454771200002,604.8125812220001
E09000032,London,Wandsworth,Wandsworth,2020,CO2,0.280672402,92.128016551,380.498643533,31.896690082,85.10492236,214.912893303,804.821838231
E09000033,London,Westminster,Westminster,2020,CO2,5.495394371,605.120575263,265.899693406,110.96300754800001,168.87238222000002,261.68710277099996,1418.038155579
E06000060,South East,Buckinghamshire,Buckinghamshire,2020,CO2,49.034475881000006,151.87702151800002,858.0927305,146.539005675,83.641114409,1141.22388304,2430.4082310229996
E06000061,East Midlands,Northamptonshire,North Northamptonshire,2020,CO2,24.288697308000003,99.635280542,479.56987415,315.384992831,28.624920668999998,681.95052477,1629.45429027
E06000062,East Midlands,Northamptonshire,West Northamptonshire,2020,CO2,48.01403059,170.653859506,553.47464207,197.97535423,61.02190579100001,1107.212117093,2138.3519092799997
